"","Province_State","Country_Region","Date","Confirmed","Deaths","Recovered"
"1","WA","US",2020-01-22,1,0,0
"2","WA","US",2020-01-23,1,0,0
"3","WA","US",2020-01-24,1,0,0
"4","IL","US",2020-01-24,1,0,0
"5","WA","US",2020-01-25,1,0,0
"6","IL","US",2020-01-25,1,0,0
"7","WA","US",2020-01-26,1,0,0
"8","IL","US",2020-01-26,1,0,0
"9","CA","US",2020-01-26,2,0,0
"10","AZ","US",2020-01-26,1,0,0
"11","WA","US",2020-01-27,1,0,0
"12","IL","US",2020-01-27,1,0,0
"13","CA","US",2020-01-27,2,0,0
"14","AZ","US",2020-01-27,1,0,0
"15","WA","US",2020-01-28,1,0,0
"16","IL","US",2020-01-28,1,0,0
"17","CA","US",2020-01-28,2,0,0
"18","AZ","US",2020-01-28,1,0,0
"19","WA","US",2020-01-29,1,0,0
"20","IL","US",2020-01-29,1,0,0
"21","CA","US",2020-01-29,2,0,0
"22","AZ","US",2020-01-29,1,0,0
"23","WA","US",2020-01-30,1,0,0
"24","IL","US",2020-01-30,1,0,0
"25","CA","US",2020-01-30,2,0,0
"26","AZ","US",2020-01-30,1,0,0
"27","IL","US",2020-01-31,2,0,0
"28","CA","US",2020-01-31,2,0,0
"29","WA","US",2020-01-31,1,0,0
"30","AZ","US",2020-01-31,1,0,0
"31","IL","US",2020-02-01,2,0,0
"32","MA","US",2020-02-01,1,0,0
"33","CA","US",2020-02-01,1,0,0
"34","WA","US",2020-02-01,1,0,0
"35","AZ","US",2020-02-01,1,0,0
"36","IL","US",2020-02-02,2,0,0
"37","MA","US",2020-02-02,1,0,0
"38","CA","US",2020-02-02,1,0,0
"39","WA","US",2020-02-02,1,0,0
"40","AZ","US",2020-02-02,1,0,0
"41","IL","US",2020-02-03,2,0,0
"42","CA","US",2020-02-03,2,0,0
"43","MA","US",2020-02-03,1,0,0
"44","WA","US",2020-02-03,1,0,0
"45","AZ","US",2020-02-03,1,0,0
"46","IL","US",2020-02-04,2,0,0
"47","CA","US",2020-02-04,2,0,0
"48","MA","US",2020-02-04,1,0,0
"49","WA","US",2020-02-04,1,0,0
"50","AZ","US",2020-02-04,1,0,0
"51","IL","US",2020-02-05,2,0,0
"52","CA","US",2020-02-05,2,0,0
"53","MA","US",2020-02-05,1,0,0
"54","WI","US",2020-02-05,1,0,0
"55","WA","US",2020-02-05,1,0,0
"56","AZ","US",2020-02-05,1,0,0
"57","IL","US",2020-02-06,2,0,0
"58","CA","US",2020-02-06,2,0,0
"59","MA","US",2020-02-06,1,0,0
"60","WI","US",2020-02-06,1,0,0
"61","WA","US",2020-02-06,1,0,0
"62","AZ","US",2020-02-06,1,0,0
"63","IL","US",2020-02-07,2,0,0
"64","CA","US",2020-02-07,2,0,0
"65","MA","US",2020-02-07,1,0,0
"66","WI","US",2020-02-07,1,0,0
"67","WA","US",2020-02-07,1,0,0
"68","AZ","US",2020-02-07,1,0,0
"69","IL","US",2020-02-08,2,0,0
"70","CA","US",2020-02-08,2,0,0
"71","MA","US",2020-02-08,1,0,0
"72","WI","US",2020-02-08,1,0,0
"73","WA","US",2020-02-08,1,0,0
"74","AZ","US",2020-02-08,1,0,0
"75","IL","US",2020-02-09,2,0,2
"76","CA","US",2020-02-09,2,0,0
"77","MA","US",2020-02-09,1,0,0
"78","WI","US",2020-02-09,1,0,0
"79","WA","US",2020-02-09,1,0,1
"80","AZ","US",2020-02-09,1,0,0
"81","IL","US",2020-02-10,2,0,2
"82","CA","US",2020-02-10,2,0,0
"83","MA","US",2020-02-10,1,0,0
"84","WI","US",2020-02-10,1,0,0
"85","WA","US",2020-02-10,1,0,1
"86","AZ","US",2020-02-10,1,0,0
"87","IL","US",2020-02-11,2,0,2
"88","CA","US",2020-02-11,2,0,0
"89","MA","US",2020-02-11,1,0,0
"90","WI","US",2020-02-11,1,0,0
"91","WA","US",2020-02-11,1,0,1
"92","AZ","US",2020-02-11,1,0,0
"93","IL","US",2020-02-12,2,0,2
"94","CA","US",2020-02-12,2,0,0
"95","MA","US",2020-02-12,1,0,0
"96","WI","US",2020-02-12,1,0,0
"97","WA","US",2020-02-12,1,0,1
"98","AZ","US",2020-02-12,1,0,0
"99","IL","US",2020-02-13,2,0,2
"100","CA","US",2020-02-13,2,0,0
"101","MA","US",2020-02-13,1,0,0
"102","WI","US",2020-02-13,1,0,0
"103","TX","US",2020-02-13,1,0,0
"104","WA","US",2020-02-13,1,0,1
"105","AZ","US",2020-02-13,1,0,0
"106","IL","US",2020-02-14,2,0,2
"107","CA","US",2020-02-14,2,0,0
"108","MA","US",2020-02-14,1,0,0
"109","WI","US",2020-02-14,1,0,0
"110","TX","US",2020-02-14,1,0,0
"111","WA","US",2020-02-14,1,0,1
"112","AZ","US",2020-02-14,1,0,0
"113","IL","US",2020-02-15,2,0,2
"114","CA","US",2020-02-15,2,0,0
"115","MA","US",2020-02-15,1,0,0
"116","WI","US",2020-02-15,1,0,0
"117","TX","US",2020-02-15,1,0,0
"118","WA","US",2020-02-15,1,0,1
"119","AZ","US",2020-02-15,1,0,0
"120","IL","US",2020-02-16,2,0,2
"121","CA","US",2020-02-16,2,0,0
"122","MA","US",2020-02-16,1,0,0
"123","WI","US",2020-02-16,1,0,0
"124","TX","US",2020-02-16,1,0,0
"125","WA","US",2020-02-16,1,0,1
"126","AZ","US",2020-02-16,1,0,0
"127","IL","US",2020-02-17,2,0,2
"128","CA","US",2020-02-17,2,0,0
"129","MA","US",2020-02-17,1,0,0
"130","WI","US",2020-02-17,1,0,0
"131","TX","US",2020-02-17,1,0,0
"132","WA","US",2020-02-17,1,0,1
"133","AZ","US",2020-02-17,1,0,0
"134","IL","US",2020-02-18,2,0,2
"135","CA","US",2020-02-18,2,0,0
"136","MA","US",2020-02-18,1,0,0
"137","WI","US",2020-02-18,1,0,0
"138","TX","US",2020-02-18,1,0,0
"139","WA","US",2020-02-18,1,0,1
"140","AZ","US",2020-02-18,1,0,0
"141","IL","US",2020-02-19,2,0,2
"142","CA","US",2020-02-19,2,0,0
"143","MA","US",2020-02-19,1,0,0
"144","WI","US",2020-02-19,1,0,0
"145","TX","US",2020-02-19,1,0,0
"146","WA","US",2020-02-19,1,0,1
"147","AZ","US",2020-02-19,1,0,0
"148","IL","US",2020-02-20,2,0,2
"149","CA","US",2020-02-20,2,0,0
"150","MA","US",2020-02-20,1,0,0
"151","WI","US",2020-02-20,1,0,0
"152","TX","US",2020-02-20,1,0,0
"153","WA","US",2020-02-20,1,0,1
"154","AZ","US",2020-02-20,1,0,0
"155","NE","US",2020-02-21,11,0,0
"156","CA","US",2020-02-21,5,0,0
"157","IL","US",2020-02-21,2,0,2
"158","TX","US",2020-02-21,2,0,0
"159","MA","US",2020-02-21,1,0,0
"160","WI","US",2020-02-21,1,0,0
"161","WA","US",2020-02-21,1,0,1
"162","AZ","US",2020-02-21,1,0,0
"163","NE","US",2020-02-22,11,0,0
"164","CA","US",2020-02-22,5,0,0
"165","IL","US",2020-02-22,2,0,2
"166","TX","US",2020-02-22,2,0,0
"167","MA","US",2020-02-22,1,0,0
"168","WI","US",2020-02-22,1,0,0
"169","WA","US",2020-02-22,1,0,1
"170","AZ","US",2020-02-22,1,0,0
"171","NE","US",2020-02-23,11,0,0
"172","CA","US",2020-02-23,5,0,0
"173","IL","US",2020-02-23,2,0,2
"174","TX","US",2020-02-23,2,0,0
"175","MA","US",2020-02-23,1,0,0
"176","WI","US",2020-02-23,1,0,0
"177","WA","US",2020-02-23,1,0,1
"178","AZ","US",2020-02-23,1,0,0
"179","IL","US",2020-02-24,2,0,2
"180","CA","US",2020-02-24,2,0,0
"181","MA","US",2020-02-24,1,0,0
"182","WI","US",2020-02-24,1,0,0
"183","TX","US",2020-02-24,1,0,0
"184","WA","US",2020-02-24,1,0,1
"185","AZ","US",2020-02-24,1,0,0
"186","NE","US",2020-02-24,0,0,0
"187","IL","US",2020-02-25,2,0,2
"188","CA","US",2020-02-25,2,0,0
"189","MA","US",2020-02-25,1,0,0
"190","WI","US",2020-02-25,1,0,0
"191","TX","US",2020-02-25,1,0,0
"192","WA","US",2020-02-25,1,0,1
"193","AZ","US",2020-02-25,1,0,1
"194","NE","US",2020-02-25,0,0,0
"195","IL","US",2020-02-26,2,0,2
"196","CA","US",2020-02-26,2,0,0
"197","MA","US",2020-02-26,1,0,0
"198","WI","US",2020-02-26,1,0,0
"199","TX","US",2020-02-26,1,0,0
"200","WA","US",2020-02-26,1,0,1
"201","AZ","US",2020-02-26,1,0,1
"202","NE","US",2020-02-26,0,0,0
"203","IL","US",2020-02-27,2,0,2
"204","CA","US",2020-02-27,2,0,0
"205","MA","US",2020-02-27,1,0,0
"206","WI","US",2020-02-27,1,0,0
"207","TX","US",2020-02-27,1,0,0
"208","WA","US",2020-02-27,1,0,1
"209","AZ","US",2020-02-27,1,0,1
"210","NE","US",2020-02-27,0,0,0
"211","IL","US",2020-02-28,2,0,2
"212","CA","US",2020-02-28,2,0,0
"213","MA","US",2020-02-28,1,0,1
"214","WI","US",2020-02-28,1,0,0
"215","TX","US",2020-02-28,1,0,0
"216","WA","US",2020-02-28,1,0,1
"217","AZ","US",2020-02-28,1,0,1
"218","NE","US",2020-02-28,0,0,0
"219","WA","US",2020-02-29,6,1,1
"220","CA","US",2020-02-29,3,0,1
"221","IL","US",2020-02-29,2,0,2
"222","MA","US",2020-02-29,1,0,1
"223","WI","US",2020-02-29,1,0,0
"224","OR","US",2020-02-29,1,0,0
"225","TX","US",2020-02-29,1,0,0
"226","AZ","US",2020-02-29,1,0,1
"227","NE","US",2020-02-29,0,0,0
"228","WA","US",2020-03-01,9,1,1
"229","IL","US",2020-03-01,3,0,2
"230","CA","US",2020-03-01,3,0,1
"231","MA","US",2020-03-01,1,0,1
"232","WI","US",2020-03-01,1,0,0
"233","OR","US",2020-03-01,1,0,0
"234","RI","US",2020-03-01,1,0,0
"235","TX","US",2020-03-01,1,0,0
"236","AZ","US",2020-03-01,1,0,1
"237","NE","US",2020-03-01,0,0,0
"238","WA","US",2020-03-02,14,5,1
"239","CA","US",2020-03-02,9,0,1
"240","IL","US",2020-03-02,4,0,2
"241","OR","US",2020-03-02,2,0,0
"242","RI","US",2020-03-02,2,0,0
"243","MA","US",2020-03-02,1,0,1
"244","NH","US",2020-03-02,1,0,0
"245","FL","US",2020-03-02,1,0,0
"246","WI","US",2020-03-02,1,0,0
"247","NY","US",2020-03-02,1,0,0
"248","TX","US",2020-03-02,1,0,0
"249","AZ","US",2020-03-02,1,0,1
"250","NE","US",2020-03-02,0,0,0
"251","WA","US",2020-03-03,21,6,1
"252","CA","US",2020-03-03,11,0,1
"253","IL","US",2020-03-03,4,0,2
"254","GA","US",2020-03-03,2,0,0
"255","NH","US",2020-03-03,2,0,0
"256","FL","US",2020-03-03,2,0,0
"257","RI","US",2020-03-03,2,0,0
"258","OR","US",2020-03-03,2,0,0
"259","MA","US",2020-03-03,1,0,0
"260","WI","US",2020-03-03,1,0,1
"261","AZ","US",2020-03-03,1,0,0
"262","NY","US",2020-03-03,1,0,0
"263","TX","US",2020-03-03,1,0,0
"264","NC","US",2020-03-03,1,0,0
"265","NE","US",2020-03-03,0,0,0
"266","WA","US",2020-03-04,31,9,1
"267","CA","US",2020-03-04,11,0,1
"268","NY","US",2020-03-04,10,0,0
"269","IL","US",2020-03-04,4,0,2
"270","GA","US",2020-03-04,2,0,0
"271","NH","US",2020-03-04,2,0,0
"272","FL","US",2020-03-04,2,0,0
"273","RI","US",2020-03-04,2,0,0
"274","OR","US",2020-03-04,2,0,0
"275","MA","US",2020-03-04,1,0,0
"276","WI","US",2020-03-04,1,0,1
"277","AZ","US",2020-03-04,1,0,0
"278","TX","US",2020-03-04,1,0,0
"279","NC","US",2020-03-04,1,0,0
"280","NE","US",2020-03-04,0,0,0
"281","WA","US",2020-03-05,51,10,1
"282","CA","US",2020-03-05,20,0,1
"283","NY","US",2020-03-05,18,0,0
"284","IL","US",2020-03-05,5,0,2
"285","NJ","US",2020-03-05,2,0,0
"286","GA","US",2020-03-05,2,0,0
"287","NH","US",2020-03-05,2,0,0
"288","TX","US",2020-03-05,2,0,0
"289","FL","US",2020-03-05,2,0,0
"290","RI","US",2020-03-05,2,0,0
"291","OR","US",2020-03-05,2,0,0
"292","MA","US",2020-03-05,1,0,0
"293","NV","US",2020-03-05,1,0,0
"294","WI","US",2020-03-05,1,0,1
"295","AZ","US",2020-03-05,1,0,0
"296","NC","US",2020-03-05,1,0,0
"297","TN","US",2020-03-05,1,0,0
"298","NE","US",2020-03-05,0,0,0
"299","WA","US",2020-03-06,58,12,1
"300","CA","US",2020-03-06,20,0,1
"301","NY","US",2020-03-06,19,0,0
"302","IL","US",2020-03-06,5,0,2
"303","TX","US",2020-03-06,3,0,0
"304","MD","US",2020-03-06,3,0,0
"305","MA","US",2020-03-06,3,0,1
"306","NJ","US",2020-03-06,2,0,0
"307","CO","US",2020-03-06,2,0,0
"308","GA","US",2020-03-06,2,0,0
"309","NH","US",2020-03-06,2,0,0
"310","FL","US",2020-03-06,2,0,0
"311","AZ","US",2020-03-06,2,0,0
"312","RI","US",2020-03-06,2,0,0
"313","OR","US",2020-03-06,2,0,0
"314","NC","US",2020-03-06,1,0,0
"315","NV","US",2020-03-06,1,0,0
"316","PA","US",2020-03-06,1,0,0
"317","NE","US",2020-03-06,1,0,0
"318","KY","US",2020-03-06,1,0,0
"319","WI","US",2020-03-06,1,0,1
"320","IN","US",2020-03-06,1,0,0
"321","MN","US",2020-03-06,1,0,0
"322","TN","US",2020-03-06,1,0,0
"323","WA","US",2020-03-07,71,15,1
"324","NY","US",2020-03-07,57,0,0
"325","CA","US",2020-03-07,32,0,1
"326","IL","US",2020-03-07,6,0,2
"327","TX","US",2020-03-07,5,0,0
"328","NJ","US",2020-03-07,4,0,0
"329","CO","US",2020-03-07,3,0,0
"330","GA","US",2020-03-07,3,0,0
"331","AZ","US",2020-03-07,3,0,1
"332","MD","US",2020-03-07,3,0,0
"333","RI","US",2020-03-07,3,0,0
"334","MA","US",2020-03-07,3,0,1
"335","OR","US",2020-03-07,3,0,0
"336","FL","US",2020-03-07,2,0,0
"337","CT","US",2020-03-07,2,0,0
"338","NH","US",2020-03-07,2,0,0
"339","SC","US",2020-03-07,1,0,0
"340","NC","US",2020-03-07,1,0,0
"341","NV","US",2020-03-07,1,0,0
"342","UT","US",2020-03-07,1,0,0
"343","PA","US",2020-03-07,1,0,0
"344","NE","US",2020-03-07,1,0,0
"345","KY","US",2020-03-07,1,0,0
"346","HI","US",2020-03-07,1,0,0
"347","OR ","US",2020-03-07,1,0,0
"348","WI","US",2020-03-07,1,0,1
"349","IN","US",2020-03-07,1,0,0
"350","MN","US",2020-03-07,1,0,0
"351","OK","US",2020-03-07,1,0,0
"352","TN","US",2020-03-07,1,0,0
"353","WA","US",2020-03-08,83,17,1
"354","NY","US",2020-03-08,83,0,0
"355","CA","US",2020-03-08,38,0,1
"356","MA","US",2020-03-08,8,0,1
"357","OR","US",2020-03-08,8,0,0
"358","IL","US",2020-03-08,7,0,2
"359","TX","US",2020-03-08,6,0,0
"360","NJ","US",2020-03-08,4,0,0
"361","NH","US",2020-03-08,4,0,0
"362","MD","US",2020-03-08,4,0,0
"363","PA","US",2020-03-08,4,0,0
"364","CO","US",2020-03-08,3,0,0
"365","GA","US",2020-03-08,3,0,0
"366","AZ","US",2020-03-08,3,0,1
"367","RI","US",2020-03-08,3,0,0
"368","FL","US",2020-03-08,2,0,0
"369","NV","US",2020-03-08,2,0,0
"370","VA","US",2020-03-08,2,0,0
"371","OR ","US",2020-03-08,2,0,0
"372","DC","US",2020-03-08,2,0,0
"373","SC","US",2020-03-08,1,0,0
"374","NC","US",2020-03-08,1,0,0
"375","TN","US",2020-03-08,1,0,0
"376","UT","US",2020-03-08,1,0,0
"377","NE","US",2020-03-08,1,0,0
"378","CT","US",2020-03-08,1,0,0
"379","KY","US",2020-03-08,1,0,0
"380","IN","US",2020-03-08,1,0,0
"381","HI","US",2020-03-08,1,0,0
"382","KS","US",2020-03-08,1,0,0
"383","WI","US",2020-03-08,1,0,1
"384","MN","US",2020-03-08,1,0,0
"385","MO","US",2020-03-08,1,0,0
"386","OK","US",2020-03-08,1,0,0
"387","VT","US",2020-03-08,1,0,0
"388","NY","US",2020-03-09,98,0,0
"389","WA","US",2020-03-09,83,17,1
"390","CA","US",2020-03-09,38,0,1
"391","MA","US",2020-03-09,8,0,1
"392","OR","US",2020-03-09,8,0,0
"393","IL","US",2020-03-09,7,0,2
"394","TX","US",2020-03-09,6,0,0
"395","GA","US",2020-03-09,5,0,0
"396","PA","US",2020-03-09,5,0,0
"397","NJ","US",2020-03-09,4,0,0
"398","NH","US",2020-03-09,4,0,0
"399","SC","US",2020-03-09,4,0,0
"400","MD","US",2020-03-09,4,0,0
"401","FL","US",2020-03-09,3,0,0
"402","CO","US",2020-03-09,3,0,0
"403","NE","US",2020-03-09,3,0,0
"404","IA","US",2020-03-09,3,0,0
"405","AZ","US",2020-03-09,3,0,1
"406","RI","US",2020-03-09,3,0,0
"407","NV","US",2020-03-09,2,0,0
"408","VA","US",2020-03-09,2,0,0
"409","KY","US",2020-03-09,2,0,0
"410","IN","US",2020-03-09,2,0,0
"411","HI","US",2020-03-09,2,0,0
"412","OR ","US",2020-03-09,2,0,0
"413","DC","US",2020-03-09,2,0,0
"414","VT","US",2020-03-09,1,0,0
"415","MN","US",2020-03-09,1,0,0
"416","NC","US",2020-03-09,1,0,0
"417","TN","US",2020-03-09,1,0,0
"418","UT","US",2020-03-09,1,0,0
"419","CT","US",2020-03-09,1,0,0
"420","LA","US",2020-03-09,1,0,0
"421","KS","US",2020-03-09,1,0,0
"422","WI","US",2020-03-09,1,0,1
"423","MO","US",2020-03-09,1,0,0
"424","OK","US",2020-03-09,1,0,0
"425","WA","US",2020-03-10,267,23,1
"426","NY","US",2020-03-10,173,0,0
"427","CA","US",2020-03-10,144,2,2
"428","MA","US",2020-03-10,92,0,1
"429","GA","US",2020-03-10,17,0,0
"430","CO","US",2020-03-10,15,0,0
"431","FL","US",2020-03-10,15,2,0
"432","NJ","US",2020-03-10,15,1,0
"433","OR","US",2020-03-10,15,0,0
"434","TX","US",2020-03-10,13,0,0
"435","IL","US",2020-03-10,12,0,2
"436","PA","US",2020-03-10,12,0,0
"437","IA","US",2020-03-10,8,0,0
"438","MD","US",2020-03-10,8,0,0
"439","NC","US",2020-03-10,7,0,0
"440","SC","US",2020-03-10,7,0,0
"441","TN","US",2020-03-10,7,0,0
"442","VA","US",2020-03-10,7,0,0
"443","AZ","US",2020-03-10,6,0,1
"444","IN","US",2020-03-10,6,0,0
"445","KY","US",2020-03-10,6,0,0
"446","DC","US",2020-03-10,5,0,0
"447","NV","US",2020-03-10,4,0,0
"448","NH","US",2020-03-10,4,0,0
"449","MN","US",2020-03-10,3,0,0
"450","NE","US",2020-03-10,3,0,0
"451","OH","US",2020-03-10,3,0,0
"452","RI","US",2020-03-10,3,0,0
"453","WI","US",2020-03-10,3,0,1
"454","CT","US",2020-03-10,2,0,0
"455","HI","US",2020-03-10,2,0,0
"456","OK","US",2020-03-10,2,0,0
"457","UT","US",2020-03-10,2,0,0
"458","KS","US",2020-03-10,1,0,0
"459","LA","US",2020-03-10,1,0,0
"460","MO","US",2020-03-10,1,0,0
"461","VT","US",2020-03-10,1,0,0
"462","AK","US",2020-03-10,0,0,0
"463","AR","US",2020-03-10,0,0,0
"464","DE","US",2020-03-10,0,0,0
"465","ID","US",2020-03-10,0,0,0
"466","ME","US",2020-03-10,0,0,0
"467","MI","US",2020-03-10,0,0,0
"468","MS","US",2020-03-10,0,0,0
"469","MT","US",2020-03-10,0,0,0
"470","NM","US",2020-03-10,0,0,0
"471","ND","US",2020-03-10,0,0,0
"472","SD","US",2020-03-10,0,0,0
"473","WV","US",2020-03-10,0,0,0
"474","WY","US",2020-03-10,0,0,0
"475","WA","US",2020-03-11,366,29,1
"476","NY","US",2020-03-11,220,0,0
"477","CA","US",2020-03-11,177,3,2
"478","MA","US",2020-03-11,95,0,1
"479","CO","US",2020-03-11,34,0,0
"480","FL","US",2020-03-11,28,2,0
"481","IL","US",2020-03-11,25,0,2
"482","GA","US",2020-03-11,23,0,0
"483","NJ","US",2020-03-11,23,1,0
"484","TX","US",2020-03-11,21,0,0
"485","OR","US",2020-03-11,19,0,0
"486","PA","US",2020-03-11,16,0,0
"487","IA","US",2020-03-11,13,0,0
"488","IN","US",2020-03-11,11,0,0
"489","DC","US",2020-03-11,10,0,0
"490","SC","US",2020-03-11,10,0,0
"491","AZ","US",2020-03-11,9,0,1
"492","MD","US",2020-03-11,9,0,0
"493","TN","US",2020-03-11,9,0,0
"494","VA","US",2020-03-11,9,0,0
"495","KY","US",2020-03-11,8,0,0
"496","SD","US",2020-03-11,8,1,0
"497","NV","US",2020-03-11,7,0,0
"498","NC","US",2020-03-11,7,0,0
"499","LA","US",2020-03-11,6,0,0
"500","WI","US",2020-03-11,6,0,1
"501","MN","US",2020-03-11,5,0,0
"502","NE","US",2020-03-11,5,0,0
"503","NH","US",2020-03-11,5,0,0
"504","RI","US",2020-03-11,5,0,0
"505","OH","US",2020-03-11,4,0,0
"506","CT","US",2020-03-11,3,0,0
"507","NM","US",2020-03-11,3,0,0
"508","UT","US",2020-03-11,3,0,0
"509","HI","US",2020-03-11,2,0,0
"510","MI","US",2020-03-11,2,0,0
"511","OK","US",2020-03-11,2,0,0
"512","AR","US",2020-03-11,1,0,0
"513","DE","US",2020-03-11,1,0,0
"514","KS","US",2020-03-11,1,0,0
"515","MO","US",2020-03-11,1,0,0
"516","MT","US",2020-03-11,1,0,0
"517","VT","US",2020-03-11,1,0,0
"518","AK","US",2020-03-11,0,0,0
"519","ID","US",2020-03-11,0,0,0
"520","ME","US",2020-03-11,0,0,0
"521","MS","US",2020-03-11,0,0,0
"522","ND","US",2020-03-11,0,0,0
"523","WV","US",2020-03-11,0,0,0
"524","WY","US",2020-03-11,0,0,0
"525","WA","US",2020-03-12,442,31,1
"526","NY","US",2020-03-12,328,0,0
"527","CA","US",2020-03-12,221,4,6
"528","MA","US",2020-03-12,108,0,1
"529","CO","US",2020-03-12,45,0,0
"530","FL","US",2020-03-12,35,2,0
"531","IL","US",2020-03-12,32,0,2
"532","GA","US",2020-03-12,31,1,0
"533","NJ","US",2020-03-12,29,1,0
"534","TX","US",2020-03-12,27,0,0
"535","OR","US",2020-03-12,24,0,0
"536","PA","US",2020-03-12,22,0,0
"537","LA","US",2020-03-12,19,0,0
"538","TN","US",2020-03-12,18,0,0
"539","VA","US",2020-03-12,17,0,0
"540","IA","US",2020-03-12,16,0,0
"541","NC","US",2020-03-12,15,0,0
"542","NV","US",2020-03-12,14,0,0
"543","IN","US",2020-03-12,13,0,0
"544","MD","US",2020-03-12,12,0,0
"545","SC","US",2020-03-12,12,0,0
"546","DC","US",2020-03-12,10,0,0
"547","KY","US",2020-03-12,10,0,0
"548","NE","US",2020-03-12,10,0,0
"549","AZ","US",2020-03-12,9,0,1
"550","MN","US",2020-03-12,9,0,0
"551","SD","US",2020-03-12,8,1,0
"552","WI","US",2020-03-12,8,0,1
"553","AR","US",2020-03-12,6,0,0
"554","NH","US",2020-03-12,6,0,0
"555","CT","US",2020-03-12,5,0,0
"556","NM","US",2020-03-12,5,0,0
"557","OH","US",2020-03-12,5,0,0
"558","RI","US",2020-03-12,5,0,0
"559","UT","US",2020-03-12,5,0,0
"560","HI","US",2020-03-12,2,0,0
"561","MI","US",2020-03-12,2,0,0
"562","OK","US",2020-03-12,2,0,0
"563","VT","US",2020-03-12,2,0,0
"564","DE","US",2020-03-12,1,0,0
"565","KS","US",2020-03-12,1,0,0
"566","MS","US",2020-03-12,1,0,0
"567","MO","US",2020-03-12,1,0,0
"568","MT","US",2020-03-12,1,0,0
"569","ND","US",2020-03-12,1,0,0
"570","WY","US",2020-03-12,1,0,0
"571","AK","US",2020-03-12,0,0,0
"572","ID","US",2020-03-12,0,0,0
"573","ME","US",2020-03-12,0,0,0
"574","WV","US",2020-03-12,0,0,0
"575","AL","US",2020-03-13,5,0,0
"576","AK","US",2020-03-13,1,0,0
"577","AZ","US",2020-03-13,9,0,1
"578","AR","US",2020-03-13,6,0,0
"579","CA","US",2020-03-13,282,4,6
"580","CO","US",2020-03-13,49,0,0
"581","CT","US",2020-03-13,11,0,0
"582","DE","US",2020-03-13,4,0,0
"583","DC","US",2020-03-13,10,0,0
"584","FL","US",2020-03-13,50,2,0
"585","GA","US",2020-03-13,42,1,0
"586","HI","US",2020-03-13,2,0,0
"587","ID","US",2020-03-13,1,0,0
"588","IL","US",2020-03-13,46,0,2
"589","IN","US",2020-03-13,13,0,0
"590","IA","US",2020-03-13,17,0,0
"591","KS","US",2020-03-13,5,1,0
"592","KY","US",2020-03-13,14,0,0
"593","LA","US",2020-03-13,36,0,0
"594","ME","US",2020-03-13,1,0,0
"595","MD","US",2020-03-13,18,0,0
"596","MA","US",2020-03-13,123,0,1
"597","MI","US",2020-03-13,16,0,0
"598","MN","US",2020-03-13,14,0,0
"599","MS","US",2020-03-13,1,0,0
"600","MO","US",2020-03-13,2,0,0
"601","MT","US",2020-03-13,1,0,0
"602","NE","US",2020-03-13,13,0,0
"603","NV","US",2020-03-13,17,0,0
"604","NH","US",2020-03-13,6,0,0
"605","NJ","US",2020-03-13,29,1,0
"606","NM","US",2020-03-13,10,0,0
"607","NY","US",2020-03-13,421,0,0
"608","NC","US",2020-03-13,17,0,0
"609","ND","US",2020-03-13,1,0,0
"610","OH","US",2020-03-13,13,0,0
"611","OK","US",2020-03-13,2,0,0
"612","OR","US",2020-03-13,30,0,0
"613","PA","US",2020-03-13,41,0,0
"614","RI","US",2020-03-13,14,0,0
"615","SC","US",2020-03-13,13,0,0
"616","SD","US",2020-03-13,8,1,0
"617","TN","US",2020-03-13,26,0,0
"618","TX","US",2020-03-13,43,0,0
"619","UT","US",2020-03-13,9,0,0
"620","VT","US",2020-03-13,2,0,0
"621","VA","US",2020-03-13,30,0,0
"622","WA","US",2020-03-13,568,37,1
"623","WV","US",2020-03-13,0,0,0
"624","WI","US",2020-03-13,19,0,1
"625","WY","US",2020-03-13,1,0,0
"626","WA","US",2020-03-14,572,37,1
"627","NY","US",2020-03-14,525,2,0
"628","CA","US",2020-03-14,340,5,6
"629","MA","US",2020-03-14,138,0,1
"630","CO","US",2020-03-14,101,1,0
"631","LA","US",2020-03-14,77,1,0
"632","FL","US",2020-03-14,76,3,0
"633","NJ","US",2020-03-14,69,1,0
"634","GA","US",2020-03-14,66,1,0
"635","IL","US",2020-03-14,64,0,2
"636","TX","US",2020-03-14,57,0,0
"637","PA","US",2020-03-14,47,0,0
"638","VA","US",2020-03-14,41,1,0
"639","OR","US",2020-03-14,32,0,0
"640","TN","US",2020-03-14,32,0,0
"641","WI","US",2020-03-14,27,0,1
"642","MD","US",2020-03-14,26,0,0
"643","OH","US",2020-03-14,26,0,0
"644","MI","US",2020-03-14,25,0,0
"645","NC","US",2020-03-14,24,0,0
"646","CT","US",2020-03-14,22,0,0
"647","MN","US",2020-03-14,21,0,0
"648","NV","US",2020-03-14,21,0,0
"649","RI","US",2020-03-14,20,0,0
"650","SC","US",2020-03-14,19,0,0
"651","IA","US",2020-03-14,17,0,0
"652","IN","US",2020-03-14,16,0,0
"653","KY","US",2020-03-14,14,0,0
"654","NE","US",2020-03-14,14,0,0
"655","AZ","US",2020-03-14,12,0,1
"656","AR","US",2020-03-14,12,0,0
"657","DC","US",2020-03-14,10,0,0
"658","NM","US",2020-03-14,10,0,0
"659","UT","US",2020-03-14,10,0,0
"660","SD","US",2020-03-14,9,1,0
"661","KS","US",2020-03-14,8,1,0
"662","NH","US",2020-03-14,7,0,0
"663","AL","US",2020-03-14,6,0,0
"664","DE","US",2020-03-14,6,0,0
"665","MS","US",2020-03-14,6,0,0
"666","MT","US",2020-03-14,5,0,0
"667","VT","US",2020-03-14,5,0,0
"668","HI","US",2020-03-14,4,0,0
"669","MO","US",2020-03-14,4,0,0
"670","OK","US",2020-03-14,4,0,0
"671","ME","US",2020-03-14,3,0,0
"672","PR","US",2020-03-14,3,0,0
"673","ID","US",2020-03-14,2,0,0
"674","WY","US",2020-03-14,2,0,0
"675","ND","US",2020-03-14,1,0,0
"676","WV","US",2020-03-14,0,0,0
"677","NY","US",2020-03-15,732,3,0
"678","WA","US",2020-03-15,643,40,1
"679","CA","US",2020-03-15,426,6,6
"680","MA","US",2020-03-15,164,0,1
"681","FL","US",2020-03-15,115,4,0
"682","CO","US",2020-03-15,131,1,0
"683","GA","US",2020-03-15,99,1,0
"684","LA","US",2020-03-15,91,2,0
"685","NJ","US",2020-03-15,98,2,0
"686","IL","US",2020-03-15,93,0,2
"687","TX","US",2020-03-15,72,0,0
"688","PA","US",2020-03-15,66,0,0
"689","VA","US",2020-03-15,45,1,0
"690","OR","US",2020-03-15,36,1,0
"691","MN","US",2020-03-15,35,0,0
"692","MI","US",2020-03-15,33,0,0
"693","NC","US",2020-03-15,33,0,0
"694","TN","US",2020-03-15,39,0,0
"695","MD","US",2020-03-15,32,0,0
"696","OH","US",2020-03-15,37,0,0
"697","WI","US",2020-03-15,32,0,1
"698","CT","US",2020-03-15,24,0,0
"699","UT","US",2020-03-15,28,0,0
"700","NV","US",2020-03-15,24,0,0
"701","IN","US",2020-03-15,20,0,0
"702","RI","US",2020-03-15,20,0,0
"703","SC","US",2020-03-15,28,0,0
"704","IA","US",2020-03-15,18,0,0
"705","KY","US",2020-03-15,20,0,0
"706","NE","US",2020-03-15,17,0,0
"707","AR","US",2020-03-15,16,0,0
"708","DC","US",2020-03-15,16,0,0
"709","NM","US",2020-03-15,13,0,0
"710","AL","US",2020-03-15,12,0,0
"711","AZ","US",2020-03-15,13,0,1
"712","SD","US",2020-03-15,9,1,0
"713","KS","US",2020-03-15,8,1,0
"714","MT","US",2020-03-15,7,0,0
"715","NH","US",2020-03-15,13,0,0
"716","DE","US",2020-03-15,7,0,0
"717","HI","US",2020-03-15,6,0,0
"718","ME","US",2020-03-15,12,0,0
"719","MS","US",2020-03-15,10,0,0
"720","ID","US",2020-03-15,5,0,0
"721","MO","US",2020-03-15,5,0,0
"722","VT","US",2020-03-15,8,0,0
"723","OK","US",2020-03-15,7,0,0
"724","GU","US",2020-03-15,3,0,0
"725","PR","US",2020-03-15,5,0,0
"726","WY","US",2020-03-15,3,0,0
"727","AK","US",2020-03-15,1,0,0
"728","ND","US",2020-03-15,1,0,0
"729","WV","US",2020-03-15,0,0,0
"730","NY","US",2020-03-16,967,10,0
"731","WA","US",2020-03-16,904,48,1
"732","CA","US",2020-03-16,557,7,6
"733","MA","US",2020-03-16,197,0,1
"734","NJ","US",2020-03-16,178,2,1
"735","CO","US",2020-03-16,160,1,0
"736","FL","US",2020-03-16,155,5,0
"737","LA","US",2020-03-16,136,3,0
"738","GA","US",2020-03-16,121,1,0
"739","IL","US",2020-03-16,105,0,2
"740","TX","US",2020-03-16,85,0,0
"741","PA","US",2020-03-16,77,0,0
"742","MN","US",2020-03-16,54,0,0
"743","MI","US",2020-03-16,53,0,0
"744","TN","US",2020-03-16,52,0,0
"745","OH","US",2020-03-16,50,0,0
"746","VA","US",2020-03-16,49,1,0
"747","WI","US",2020-03-16,47,0,1
"748","NV","US",2020-03-16,45,1,0
"749","MD","US",2020-03-16,41,0,3
"750","OR","US",2020-03-16,39,1,0
"751","UT","US",2020-03-16,39,0,0
"752","NC","US",2020-03-16,38,0,0
"753","SC","US",2020-03-16,33,1,0
"754","CT","US",2020-03-16,30,0,0
"755","AL","US",2020-03-16,29,0,0
"756","IN","US",2020-03-16,25,1,0
"757","IA","US",2020-03-16,23,0,0
"758","AR","US",2020-03-16,22,0,0
"759","DC","US",2020-03-16,22,0,0
"760","KY","US",2020-03-16,21,1,1
"761","RI","US",2020-03-16,21,0,0
"762","AZ","US",2020-03-16,18,0,1
"763","NE","US",2020-03-16,18,0,0
"764","ME","US",2020-03-16,17,0,0
"765","NH","US",2020-03-16,17,0,0
"766","NM","US",2020-03-16,17,0,0
"767","MS","US",2020-03-16,13,0,0
"768","VT","US",2020-03-16,12,0,0
"769","KS","US",2020-03-16,11,1,0
"770","OK","US",2020-03-16,10,0,0
"771","SD","US",2020-03-16,10,1,0
"772","DE","US",2020-03-16,8,0,0
"773","HI","US",2020-03-16,7,0,0
"774","MT","US",2020-03-16,7,0,0
"775","MO","US",2020-03-16,6,0,0
"776","ID","US",2020-03-16,5,0,0
"777","PR","US",2020-03-16,5,0,0
"778","GU","US",2020-03-16,3,0,0
"779","WY","US",2020-03-16,3,0,0
"780","AK","US",2020-03-16,1,0,0
"781","ND","US",2020-03-16,1,0,0
"782","VI","US",2020-03-16,1,0,0
"783","WV","US",2020-03-16,0,0,0
"784","NY","US",2020-03-17,1706,13,0
"785","WA","US",2020-03-17,1076,55,1
"786","CA","US",2020-03-17,698,12,6
"787","NJ","US",2020-03-17,267,3,1
"788","MA","US",2020-03-17,218,0,1
"789","FL","US",2020-03-17,216,6,0
"790","LA","US",2020-03-17,196,4,0
"791","IL","US",2020-03-17,161,1,2
"792","CO","US",2020-03-17,160,2,0
"793","GA","US",2020-03-17,146,1,0
"794","PA","US",2020-03-17,112,0,0
"795","TX","US",2020-03-17,110,1,0
"796","TN","US",2020-03-17,74,0,0
"797","WI","US",2020-03-17,72,0,1
"798","CT","US",2020-03-17,68,0,0
"799","OH","US",2020-03-17,67,0,0
"800","VA","US",2020-03-17,67,2,0
"801","OR","US",2020-03-17,66,1,0
"802","MI","US",2020-03-17,65,0,0
"803","NC","US",2020-03-17,64,0,0
"804","MD","US",2020-03-17,60,0,3
"805","MN","US",2020-03-17,60,0,0
"806","NV","US",2020-03-17,56,1,0
"807","UT","US",2020-03-17,51,0,0
"808","SC","US",2020-03-17,47,1,0
"809","AL","US",2020-03-17,39,0,0
"810","ME","US",2020-03-17,32,0,0
"811","IN","US",2020-03-17,30,2,0
"812","KY","US",2020-03-17,26,1,1
"813","NH","US",2020-03-17,26,0,0
"814","IA","US",2020-03-17,23,0,0
"815","NM","US",2020-03-17,23,0,0
"816","RI","US",2020-03-17,23,0,0
"817","AR","US",2020-03-17,22,0,0
"818","DC","US",2020-03-17,22,0,0
"819","MS","US",2020-03-17,21,0,0
"820","NE","US",2020-03-17,21,0,0
"821","AZ","US",2020-03-17,20,0,1
"822","OK","US",2020-03-17,19,0,0
"823","KS","US",2020-03-17,18,1,0
"824","DE","US",2020-03-17,16,0,0
"825","VT","US",2020-03-17,12,0,0
"826","MO","US",2020-03-17,11,0,0
"827","SD","US",2020-03-17,11,1,0
"828","WY","US",2020-03-17,11,0,0
"829","HI","US",2020-03-17,10,0,0
"830","MT","US",2020-03-17,9,0,0
"831","ID","US",2020-03-17,8,0,0
"832","PR","US",2020-03-17,5,0,0
"833","AK","US",2020-03-17,3,0,0
"834","GU","US",2020-03-17,3,0,0
"835","ND","US",2020-03-17,3,0,0
"836","VI","US",2020-03-17,2,0,0
"837","WV","US",2020-03-17,1,0,0
"838","NY","US",2020-03-18,2495,16,0
"839","WA","US",2020-03-18,1014,55,0
"840","CA","US",2020-03-18,751,13,0
"841","FL","US",2020-03-18,314,7,0
"842","NJ","US",2020-03-18,267,3,0
"843","LA","US",2020-03-18,257,4,0
"844","MA","US",2020-03-18,218,0,0
"845","GA","US",2020-03-18,199,3,0
"846","CO","US",2020-03-18,184,2,0
"847","TX","US",2020-03-18,173,3,0
"848","IL","US",2020-03-18,162,1,0
"849","PA","US",2020-03-18,152,0,0
"850","WI","US",2020-03-18,92,0,0
"851","OH","US",2020-03-18,86,0,0
"852","MD","US",2020-03-18,85,0,0
"853","MI","US",2020-03-18,83,0,0
"854","TN","US",2020-03-18,79,0,0
"855","MN","US",2020-03-18,77,0,0
"856","VA","US",2020-03-18,77,2,0
"857","NC","US",2020-03-18,70,0,0
"858","CT","US",2020-03-18,68,0,0
"859","OR","US",2020-03-18,68,2,0
"860","NV","US",2020-03-18,55,1,0
"861","UT","US",2020-03-18,51,0,0
"862","SC","US",2020-03-18,47,1,0
"863","AL","US",2020-03-18,46,0,0
"864","ME","US",2020-03-18,42,0,0
"865","IN","US",2020-03-18,39,2,0
"866","MS","US",2020-03-18,34,0,0
"867","AR","US",2020-03-18,33,0,0
"868","RI","US",2020-03-18,33,0,0
"869","DC","US",2020-03-18,31,0,0
"870","IA","US",2020-03-18,29,0,0
"871","AZ","US",2020-03-18,27,0,0
"872","KY","US",2020-03-18,27,1,0
"873","NH","US",2020-03-18,26,0,0
"874","NE","US",2020-03-18,24,0,0
"875","NM","US",2020-03-18,23,0,0
"876","DE","US",2020-03-18,19,0,0
"877","OK","US",2020-03-18,19,0,0
"878","KS","US",2020-03-18,18,1,0
"879","MO","US",2020-03-18,18,0,0
"880","VT","US",2020-03-18,18,0,0
"881","WY","US",2020-03-18,15,0,0
"882","HI","US",2020-03-18,14,0,0
"883","MT","US",2020-03-18,11,0,0
"884","SD","US",2020-03-18,11,1,0
"885","ID","US",2020-03-18,9,0,0
"886","AK","US",2020-03-18,6,0,0
"887","ND","US",2020-03-18,6,0,0
"888","GU","US",2020-03-18,5,0,0
"889","PR","US",2020-03-18,5,0,0
"890","VI","US",2020-03-18,2,0,0
"891","WV","US",2020-03-18,1,0,0
"892","NY","US",2020-03-19,5365,34,0
"893","WA","US",2020-03-19,1376,74,0
"894","CA","US",2020-03-19,952,18,0
"895","NJ","US",2020-03-19,742,9,0
"896","IL","US",2020-03-19,422,4,0
"897","FL","US",2020-03-19,417,9,0
"898","LA","US",2020-03-19,392,10,0
"899","MI","US",2020-03-19,334,3,0
"900","MA","US",2020-03-19,328,0,0
"901","GA","US",2020-03-19,287,10,0
"902","CO","US",2020-03-19,277,4,0
"903","TX","US",2020-03-19,260,5,0
"904","PA","US",2020-03-19,206,1,0
"905","CT","US",2020-03-19,159,2,0
"906","WI","US",2020-03-19,159,0,0
"907","TN","US",2020-03-19,154,0,0
"908","NC","US",2020-03-19,123,0,0
"909","OH","US",2020-03-19,119,0,0
"910","MD","US",2020-03-19,107,1,0
"911","VA","US",2020-03-19,99,2,0
"912","NV","US",2020-03-19,95,1,0
"913","MN","US",2020-03-19,89,0,0
"914","OR","US",2020-03-19,88,3,0
"915","SC","US",2020-03-19,81,1,0
"916","UT","US",2020-03-19,80,0,0
"917","AL","US",2020-03-19,78,0,0
"918","AR","US",2020-03-19,62,0,0
"919","IN","US",2020-03-19,60,2,0
"920","ME","US",2020-03-19,52,0,0
"921","MS","US",2020-03-19,50,1,0
"922","AZ","US",2020-03-19,45,0,0
"923","IA","US",2020-03-19,44,0,0
"924","NH","US",2020-03-19,44,0,0
"925","OK","US",2020-03-19,44,1,0
"926","RI","US",2020-03-19,44,0,0
"927","DC","US",2020-03-19,40,0,0
"928","KY","US",2020-03-19,37,2,0
"929","NM","US",2020-03-19,35,0,0
"930","KS","US",2020-03-19,34,1,0
"931","MO","US",2020-03-19,31,1,0
"932","DE","US",2020-03-19,30,0,0
"933","NE","US",2020-03-19,29,0,0
"934","VT","US",2020-03-19,22,0,0
"935","ND","US",2020-03-19,18,0,0
"936","WY","US",2020-03-19,18,0,0
"937","HI","US",2020-03-19,16,0,0
"938","GU","US",2020-03-19,12,0,0
"939","ID","US",2020-03-19,11,0,0
"940","MT","US",2020-03-19,11,0,0
"941","SD","US",2020-03-19,11,1,0
"942","AK","US",2020-03-19,9,0,0
"943","PR","US",2020-03-19,5,0,0
"944","VI","US",2020-03-19,3,0,0
"945","WV","US",2020-03-19,2,0,0
"946","NY","US",2020-03-20,8310,42,0
"947","WA","US",2020-03-20,1524,83,0
"948","CA","US",2020-03-20,1177,23,0
"949","NJ","US",2020-03-20,890,11,0
"950","IL","US",2020-03-20,585,5,0
"951","FL","US",2020-03-20,563,10,0
"952","MI","US",2020-03-20,552,3,0
"953","LA","US",2020-03-20,538,14,0
"954","GA","US",2020-03-20,420,13,0
"955","MA","US",2020-03-20,413,1,0
"956","TX","US",2020-03-20,394,5,0
"957","CO","US",2020-03-20,363,4,0
"958","PA","US",2020-03-20,303,1,0
"959","TN","US",2020-03-20,233,0,0
"960","WI","US",2020-03-20,207,3,0
"961","CT","US",2020-03-20,194,3,0
"962","OH","US",2020-03-20,173,2,0
"963","NC","US",2020-03-20,172,0,0
"964","MD","US",2020-03-20,149,1,0
"965","SC","US",2020-03-20,126,1,0
"966","VA","US",2020-03-20,122,2,0
"967","MN","US",2020-03-20,115,0,0
"968","NV","US",2020-03-20,114,1,0
"969","OR","US",2020-03-20,114,3,0
"970","AR","US",2020-03-20,96,0,0
"971","IN","US",2020-03-20,86,2,0
"972","AL","US",2020-03-20,83,0,0
"973","MS","US",2020-03-20,80,1,0
"974","AZ","US",2020-03-20,78,0,0
"975","UT","US",2020-03-20,78,0,0
"976","DC","US",2020-03-20,71,1,0
"977","ME","US",2020-03-20,56,0,0
"978","RI","US",2020-03-20,54,0,0
"979","MO","US",2020-03-20,53,2,0
"980","OK","US",2020-03-20,49,1,0
"981","KY","US",2020-03-20,47,2,0
"982","IA","US",2020-03-20,45,0,0
"983","KS","US",2020-03-20,44,1,0
"984","NH","US",2020-03-20,44,0,0
"985","NM","US",2020-03-20,43,0,0
"986","DE","US",2020-03-20,38,0,0
"987","NE","US",2020-03-20,37,0,0
"988","VT","US",2020-03-20,29,2,0
"989","HI","US",2020-03-20,26,0,0
"990","ID","US",2020-03-20,23,0,0
"991","ND","US",2020-03-20,19,0,0
"992","WY","US",2020-03-20,19,0,0
"993","MT","US",2020-03-20,15,0,0
"994","GU","US",2020-03-20,14,0,0
"995","PR","US",2020-03-20,14,0,0
"996","SD","US",2020-03-20,14,1,0
"997","AK","US",2020-03-20,12,0,0
"998","WV","US",2020-03-20,7,0,0
"999","VI","US",2020-03-20,3,0,0
"1000","NY","US",2020-03-21,11710,60,0
"1001","WA","US",2020-03-21,1793,94,0
"1002","CA","US",2020-03-21,1364,24,0
"1003","NJ","US",2020-03-21,1327,16,0
"1004","MI","US",2020-03-21,788,5,0
"1005","IL","US",2020-03-21,753,6,0
"1006","FL","US",2020-03-21,659,13,0
"1007","LA","US",2020-03-21,585,16,0
"1008","TX","US",2020-03-21,581,5,0
"1009","MA","US",2020-03-21,525,1,0
"1010","GA","US",2020-03-21,507,14,0
"1011","PA","US",2020-03-21,396,2,0
"1012","CO","US",2020-03-21,390,4,0
"1013","TN","US",2020-03-21,371,1,0
"1014","WI","US",2020-03-21,282,4,0
"1015","NC","US",2020-03-21,253,0,0
"1016","OH","US",2020-03-21,248,3,0
"1017","CT","US",2020-03-21,194,4,0
"1018","MD","US",2020-03-21,193,2,0
"1019","SC","US",2020-03-21,171,3,0
"1020","NV","US",2020-03-21,161,2,0
"1021","VA","US",2020-03-21,156,2,0
"1022","MS","US",2020-03-21,140,1,0
"1023","MN","US",2020-03-21,138,1,0
"1024","UT","US",2020-03-21,136,0,0
"1025","AL","US",2020-03-21,131,0,0
"1026","IN","US",2020-03-21,128,4,0
"1027","AR","US",2020-03-21,122,0,0
"1028","AZ","US",2020-03-21,118,1,0
"1029","OR","US",2020-03-21,114,5,0
"1030","KY","US",2020-03-21,87,3,0
"1031","DC","US",2020-03-21,77,1,0
"1032","MO","US",2020-03-21,74,3,0
"1033","ME","US",2020-03-21,70,0,0
"1034","IA","US",2020-03-21,68,0,0
"1035","RI","US",2020-03-21,66,0,0
"1036","KS","US",2020-03-21,57,2,0
"1037","NH","US",2020-03-21,55,0,0
"1038","OK","US",2020-03-21,53,1,0
"1039","DE","US",2020-03-21,45,0,0
"1040","NM","US",2020-03-21,43,0,0
"1041","NE","US",2020-03-21,38,0,0
"1042","HI","US",2020-03-21,37,0,0
"1043","ID","US",2020-03-21,36,0,0
"1044","VT","US",2020-03-21,29,2,0
"1045","ND","US",2020-03-21,28,0,0
"1046","WY","US",2020-03-21,23,0,0
"1047","MT","US",2020-03-21,21,0,0
"1048","PR","US",2020-03-21,21,1,0
"1049","AK","US",2020-03-21,15,0,0
"1050","GU","US",2020-03-21,15,0,0
"1051","SD","US",2020-03-21,14,1,0
"1052","WV","US",2020-03-21,8,0,0
"1053","VI","US",2020-03-21,6,0,0
"1054","NY","US",2020-03-22,9654,63,0
"1055","WA","US",2020-03-22,1040,75,0
"1056","NJ","US",2020-03-22,457,6,0
"1057","CA","US",2020-03-22,407,5,0
"1058","IL","US",2020-03-22,805,4,0
"1059","MI","US",2020-03-22,477,5,0
"1060","FL","US",2020-03-22,227,0,0
"1061","LA","US",2020-03-22,451,15,0
"1062","MA","US",2020-03-22,199,1,0
"1063","TX","US",2020-03-22,131,2,0
"1064","GA","US",2020-03-22,111,2,0
"1065","CO","US",2020-03-22,125,0,0
"1066","PA","US",2020-03-22,110,1,0
"1067","TN","US",2020-03-22,167,2,0
"1068","WI","US",2020-03-22,182,2,0
"1069","OH","US",2020-03-22,125,1,0
"1070","CT","US",2020-03-22,208,5,0
"1071","NC","US",2020-03-22,77,0,0
"1072","MD","US",2020-03-22,83,1,0
"1073","VA","US",2020-03-22,32,2,0
"1074","MS","US",2020-03-22,20,0,0
"1075","IN","US",2020-03-22,82,3,0
"1076","SC","US",2020-03-22,44,0,0
"1077","NV","US",2020-03-22,126,2,0
"1078","UT","US",2020-03-22,80,0,0
"1079","MN","US",2020-03-22,57,0,0
"1080","AR","US",2020-03-22,121,0,0
"1081","OR","US",2020-03-22,55,1,0
"1082","AL","US",2020-03-22,71,0,0
"1083","AZ","US",2020-03-22,81,2,0
"1084","KY","US",2020-03-22,39,0,0
"1085","MO","US",2020-03-22,22,1,0
"1086","IA","US",2020-03-22,32,0,0
"1087","ME","US",2020-03-22,53,0,0
"1088","RI","US",2020-03-22,37,0,0
"1089","NH","US",2020-03-22,28,0,0
"1090","OK","US",2020-03-22,26,0,0
"1091","KS","US",2020-03-22,28,1,0
"1092","NM","US",2020-03-22,32,0,0
"1093","HI","US",2020-03-22,41,0,0
"1094","DE","US",2020-03-22,39,0,0
"1095","VT","US",2020-03-22,22,1,0
"1096","NE","US",2020-03-22,34,0,0
"1097","ID","US",2020-03-22,21,0,0
"1098","MT","US",2020-03-22,10,0,0
"1099","ND","US",2020-03-22,15,0,0
"1100","GU","US",2020-03-22,27,1,0
"1101","WY","US",2020-03-22,10,0,0
"1102","PR","US",2020-03-22,23,1,0
"1103","SD","US",2020-03-22,10,0,0
"1104","AK","US",2020-03-22,7,0,0
"1105","WV","US",2020-03-22,3,0,0
"1106","VI","US",2020-03-22,6,0,0
"1107","DC","US",2020-03-22,0,0,0
"1108","AS","US",2020-03-22,0,0,0
"1109","MP","US",2020-03-22,0,0,0
"1110","SC","US",2020-03-23,1,0,0
"1111","LA","US",2020-03-23,1,0,0
"1112","VA","US",2020-03-23,1,0,0
"1113","ID","US",2020-03-23,13,0,0
"1114","IA","US",2020-03-23,1,0,0
"1115","KY","US",2020-03-23,0,0,0
"1116","MO","US",2020-03-23,2,0,0
"1117","OK","US",2020-03-23,0,0,0
"1118","CO","US",2020-03-23,18,0,0
"1119","IL","US",2020-03-23,1,0,0
"1120","IN","US",2020-03-23,1,0,0
"1121","MS","US",2020-03-23,2,0,0
"1122","NE","US",2020-03-23,1,0,0
"1123","ND","US",2020-03-23,0,0,0
"1124","OH","US",2020-03-23,0,0,0
"1125","PA","US",2020-03-23,6,0,0
"1126","WA","US",2020-03-23,1,0,0
"1127","WI","US",2020-03-23,0,0,0
"1128","VT","US",2020-03-23,6,0,0
"1129","MN","US",2020-03-23,0,0,0
"1130","FL","US",2020-03-23,36,0,0
"1131","NC","US",2020-03-23,2,0,0
"1132","CA","US",2020-03-23,118,1,0
"1133","NY","US",2020-03-23,127,0,0
"1134","WY","US",2020-03-23,0,0,0
"1135","MI","US",2020-03-23,0,0,0
"1136","AK","US",2020-03-23,0,0,0
"1137","MD","US",2020-03-23,0,0,0
"1138","KS","US",2020-03-23,0,0,0
"1139","TN","US",2020-03-23,1,0,0
"1140","TX","US",2020-03-23,0,0,0
"1141","ME","US",2020-03-23,3,0,0
"1142","AZ","US",2020-03-23,4,0,0
"1143","GA","US",2020-03-23,0,0,0
"1144","AR","US",2020-03-23,0,0,0
"1145","NJ","US",2020-03-23,6,0,0
"1146","SD","US",2020-03-23,0,0,0
"1147","AL","US",2020-03-23,0,0,0
"1148","OR","US",2020-03-23,0,0,0
"1149","WV","US",2020-03-23,0,0,0
"1150","MA","US",2020-03-23,30,0,0
"1151","UT","US",2020-03-23,0,0,0
"1152","MT","US",2020-03-23,0,0,0
"1153","NH","US",2020-03-23,4,0,0
"1154","NM","US",2020-03-23,38,0,0
"1155","RI","US",2020-03-23,24,0,0
"1156","NV","US",2020-03-23,3,0,0
"1157","DC","US",2020-03-23,120,2,0
"1158","CT","US",2020-03-23,270,6,0
"1159","HI","US",2020-03-23,3,0,0
"1160","DE","US",2020-03-23,6,0,0
"1161","AS","US",2020-03-23,0,0,0
"1162","GU","US",2020-03-23,29,1,0
"1163","MP","US",2020-03-23,0,0,0
"1164","PR","US",2020-03-23,31,2,0
"1165","VI","US",2020-03-23,7,0,0
"1166","SC","US",2020-03-24,1,0,0
"1167","LA","US",2020-03-24,2,0,0
"1168","VA","US",2020-03-24,1,0,0
"1169","ID","US",2020-03-24,19,0,0
"1170","IA","US",2020-03-24,1,0,0
"1171","KY","US",2020-03-24,0,0,0
"1172","MO","US",2020-03-24,1,0,0
"1173","OK","US",2020-03-24,0,0,0
"1174","CO","US",2020-03-24,25,0,0
"1175","IL","US",2020-03-24,1,0,0
"1176","IN","US",2020-03-24,1,0,0
"1177","MS","US",2020-03-24,2,0,0
"1178","NE","US",2020-03-24,1,0,0
"1179","ND","US",2020-03-24,0,0,0
"1180","OH","US",2020-03-24,0,0,0
"1181","PA","US",2020-03-24,6,0,0
"1182","WA","US",2020-03-24,1,0,0
"1183","WI","US",2020-03-24,0,0,0
"1184","VT","US",2020-03-24,8,0,0
"1185","MN","US",2020-03-24,0,0,0
"1186","FL","US",2020-03-24,37,0,0
"1187","NC","US",2020-03-24,3,0,0
"1188","CA","US",2020-03-24,135,2,0
"1189","NY","US",2020-03-24,146,0,0
"1190","WY","US",2020-03-24,0,0,0
"1191","MI","US",2020-03-24,0,0,0
"1192","AK","US",2020-03-24,0,0,0
"1193","MD","US",2020-03-24,0,0,0
"1194","KS","US",2020-03-24,0,0,0
"1195","TN","US",2020-03-24,1,0,0
"1196","TX","US",2020-03-24,0,0,0
"1197","ME","US",2020-03-24,3,0,0
"1198","AZ","US",2020-03-24,4,0,0
"1199","GA","US",2020-03-24,0,0,0
"1200","AR","US",2020-03-24,0,0,0
"1201","NJ","US",2020-03-24,6,0,0
"1202","SD","US",2020-03-24,0,0,0
"1203","AL","US",2020-03-24,1,0,0
"1204","OR","US",2020-03-24,0,0,0
"1205","WV","US",2020-03-24,0,0,0
"1206","MA","US",2020-03-24,40,0,0
"1207","UT","US",2020-03-24,0,0,0
"1208","MT","US",2020-03-24,0,0,0
"1209","NH","US",2020-03-24,7,0,0
"1210","NM","US",2020-03-24,43,0,0
"1211","RI","US",2020-03-24,24,0,0
"1212","NV","US",2020-03-24,2,0,0
"1213","DC","US",2020-03-24,141,2,0
"1214","CT","US",2020-03-24,384,7,0
"1215","HI","US",2020-03-24,2,0,0
"1216","DE","US",2020-03-24,10,0,0
"1217","AS","US",2020-03-24,0,0,0
"1218","GU","US",2020-03-24,32,1,0
"1219","MP","US",2020-03-24,0,0,0
"1220","PR","US",2020-03-24,39,2,0
"1221","VI","US",2020-03-24,17,0,0
"1222","SC","US",2020-03-25,3,0,0
"1223","LA","US",2020-03-25,2,0,0
"1224","VA","US",2020-03-25,2,0,0
"1225","ID","US",2020-03-25,24,0,0
"1226","IA","US",2020-03-25,1,0,0
"1227","KY","US",2020-03-25,0,0,0
"1228","MO","US",2020-03-25,1,0,0
"1229","OK","US",2020-03-25,2,0,0
"1230","CO","US",2020-03-25,27,0,0
"1231","IL","US",2020-03-25,1,0,0
"1232","IN","US",2020-03-25,1,0,0
"1233","MS","US",2020-03-25,2,0,0
"1234","NE","US",2020-03-25,1,0,0
"1235","ND","US",2020-03-25,0,0,0
"1236","OH","US",2020-03-25,0,0,0
"1237","PA","US",2020-03-25,6,0,0
"1238","WA","US",2020-03-25,1,0,0
"1239","WI","US",2020-03-25,0,0,0
"1240","VT","US",2020-03-25,9,0,0
"1241","MN","US",2020-03-25,0,0,0
"1242","FL","US",2020-03-25,45,0,0
"1243","NC","US",2020-03-25,3,0,0
"1244","CA","US",2020-03-25,135,2,0
"1245","NY","US",2020-03-25,152,0,0
"1246","WY","US",2020-03-25,1,0,0
"1247","MI","US",2020-03-25,0,0,0
"1248","AK","US",2020-03-25,0,0,0
"1249","MD","US",2020-03-25,0,0,0
"1250","KS","US",2020-03-25,0,0,0
"1251","TN","US",2020-03-25,3,0,0
"1252","TX","US",2020-03-25,0,0,0
"1253","ME","US",2020-03-25,4,0,0
"1254","AZ","US",2020-03-25,7,0,0
"1255","GA","US",2020-03-25,1,0,0
"1256","AR","US",2020-03-25,0,0,0
"1257","NJ","US",2020-03-25,12,0,0
"1258","SD","US",2020-03-25,0,0,0
"1259","AL","US",2020-03-25,4,0,0
"1260","OR","US",2020-03-25,0,0,0
"1261","WV","US",2020-03-25,0,0,0
"1262","MA","US",2020-03-25,51,1,0
"1263","UT","US",2020-03-25,0,0,0
"1264","MT","US",2020-03-25,0,0,0
"1265","NH","US",2020-03-25,7,0,0
"1266","NM","US",2020-03-25,48,0,0
"1267","RI","US",2020-03-25,24,0,0
"1268","NV","US",2020-03-25,2,0,0
"1269","DC","US",2020-03-25,187,2,0
"1270","CT","US",2020-03-25,546,12,0
"1271","HI","US",2020-03-25,2,0,0
"1272","DE","US",2020-03-25,14,0,0
"1273","AS","US",2020-03-25,0,0,0
"1274","GU","US",2020-03-25,37,1,0
"1275","MP","US",2020-03-25,0,0,0
"1276","PR","US",2020-03-25,51,2,0
"1277","VI","US",2020-03-25,17,0,0
"1278","SC","US",2020-03-26,3,0,0
"1279","LA","US",2020-03-26,3,0,0
"1280","VA","US",2020-03-26,2,0,0
"1281","ID","US",2020-03-26,39,0,0
"1282","IA","US",2020-03-26,1,0,0
"1283","KY","US",2020-03-26,0,0,0
"1284","MO","US",2020-03-26,1,0,0
"1285","OK","US",2020-03-26,2,0,0
"1286","CO","US",2020-03-26,50,0,0
"1287","IL","US",2020-03-26,1,0,0
"1288","IN","US",2020-03-26,1,0,0
"1289","MS","US",2020-03-26,3,0,0
"1290","NE","US",2020-03-26,1,0,0
"1291","ND","US",2020-03-26,0,0,0
"1292","OH","US",2020-03-26,0,0,0
"1293","PA","US",2020-03-26,7,0,0
"1294","WA","US",2020-03-26,3,0,0
"1295","WI","US",2020-03-26,0,0,0
"1296","VT","US",2020-03-26,12,0,0
"1297","MN","US",2020-03-26,0,0,0
"1298","FL","US",2020-03-26,49,0,0
"1299","NC","US",2020-03-26,4,0,0
"1300","CA","US",2020-03-26,178,4,0
"1301","NY","US",2020-03-26,171,0,0
"1302","WY","US",2020-03-26,1,0,0
"1303","MI","US",2020-03-26,0,0,0
"1304","AK","US",2020-03-26,0,0,0
"1305","MD","US",2020-03-26,0,0,0
"1306","KS","US",2020-03-26,0,0,0
"1307","TN","US",2020-03-26,3,0,0
"1308","TX","US",2020-03-26,0,0,0
"1309","ME","US",2020-03-26,5,0,0
"1310","AZ","US",2020-03-26,9,0,0
"1311","GA","US",2020-03-26,0,0,0
"1312","AR","US",2020-03-26,0,0,0
"1313","NJ","US",2020-03-26,10,0,0
"1314","SD","US",2020-03-26,0,0,0
"1315","AL","US",2020-03-26,6,0,0
"1316","OR","US",2020-03-26,0,0,0
"1317","WV","US",2020-03-26,0,0,0
"1318","MA","US",2020-03-26,67,1,0
"1319","UT","US",2020-03-26,0,0,0
"1320","MT","US",2020-03-26,0,0,0
"1321","NH","US",2020-03-26,8,0,0
"1322","NM","US",2020-03-26,48,0,0
"1323","RI","US",2020-03-26,6,0,0
"1324","NV","US",2020-03-26,2,0,0
"1325","DC","US",2020-03-26,231,3,0
"1326","CT","US",2020-03-26,607,13,0
"1327","HI","US",2020-03-26,4,0,0
"1328","DE","US",2020-03-26,17,0,0
"1329","AS","US",2020-03-26,0,0,0
"1330","GU","US",2020-03-26,45,1,0
"1331","MP","US",2020-03-26,0,0,0
"1332","PR","US",2020-03-26,64,2,0
"1333","VI","US",2020-03-26,17,0,0
